,count,mean,std,min,25%,50%,75%,max
record_ID,150150.0,106271.55550449551,61386.03786111205,1.0,53111.25,106226.5,159452.75,212644.0
store_id,150150.0,9199.422510822511,615.5914446272267,8023.0,8562.0,9371.0,9731.0,9984.0
sku_id,150150.0,254761.13246753247,85547.3064468344,216233.0,217217.0,222087.0,245338.0,679023.0
total_price,150149.0,206.62675101066273,103.30851641029683,41.325,130.3875,198.075,233.7,562.1625
base_price,150150.0,219.42592732267732,110.96171232936406,61.275,133.2375,205.9125,234.4125,562.1625
is_featured_sku,150150.0,0.09561105561105561,0.29405808532978717,0.0,0.0,0.0,0.0,1.0
is_display_sku,150150.0,0.13320013320013321,0.33979203444286704,0.0,0.0,0.0,0.0,1.0
units_sold,150150.0,51.6742057942058,60.20790385753298,1.0,20.0,35.0,62.0,2876.0
