,feature,importance
0,sku_id,22.884475708007812
1,is_discount_sku,17.826217651367188
2,is_display_sku,16.908336639404297
3,is_featured_sku,10.165928840637207
4,store_id,8.548273086547852
5,total_price,2.491251230239868
6,discount_ratio,2.274858236312866
7,base_price,1.7533106803894043
