,feature,importance
0,sku_id,19.677522659301758
1,is_display_sku,11.542126655578613
2,is_featured_sku,10.684640884399414
3,store_id,8.442198753356934
4,total_price,3.464428663253784
5,base_price,2.6211512088775635
